{
    "CAGR": 0.1311629053999046,
    "STD": 0.16402551352691686,
    "Sharpe": 0.7182327766588906,
    "IR": 0.2340410846939907,
    "Alpha": 0.02842433148578155,
    "Max Drawdown": -0.3366909999251392,
    "Max_one_month_loss": -0.17166172960641746,
    "Avg_Turnover": 0.5383749595233537
}