{
    "CAGR": 0.43753315382679436,
    "STD": 0.28706115056334536,
    "Sharpe": 1.3596260280920918,
    "IR": 1.3271274546796,
    "Alpha": 0.290556701631805,
    "Max Drawdown": -0.26470456392737907,
    "Max_one_month_loss": -0.23275774636265512,
    "Avg_Turnover": 0.4354995684651132
}