{
    "CAGR": 0.07133211205343382,
    "STD": 0.1648570463170823,
    "Sharpe": 0.38453609252585147,
    "IR": -0.21450758443885193,
    "Alpha": -0.026138218721570763,
    "Max Drawdown": -0.35226693636063344,
    "Max_one_month_loss": -0.1780099745077049,
    "Avg_Turnover": 0.5383749595233537
}